url,name,address,city,state,phone
http://www.rodgerscpasgroup.com/,Results,"111 W National Ave, Brazil, IN 47834",Brazil,IN,(812) 605-5015
https://www.miller-stewart.com/,Results,"354 E National Ave, Brazil, IN 47834",Brazil,IN,(812) 448-2551
https://morantaxandaccounting.com/,Results,"128 N Franklin St, Brazil, IN 47834",Brazil,IN,(812) 442-9970
http://watler.com/,Results,"23 N Walnut St, Brazil, IN 47834",Brazil,IN,(812) 446-8361
http://stadlertax.com/,Results,"725 S Forest Ave, Brazil, IN 47834",Brazil,IN,(812) 443-2800
http://hayestax1040.com/,Results,"1605 E National Ave, Brazil, IN 47834",Brazil,IN,(812) 442-1040
http://premiertaxbrazil.com/,Results,"115 E National Ave, Brazil, IN 47834",Brazil,IN,(812) 420-3659
https://www.hrblock.com/tax-office-near-me/indiana/brazil/14862/?otppartnerid=9308&campaignid=pw_mcm_9308_9762&utm_medium=local,Results,"428 E National Ave, Brazil, IN 47834",Brazil,IN,(812) 448-8088
http://www.svihlacpas.com/,Results,"2901 Ohio Blvd, Terre Haute, IN 47803",Terre Haute,IN,(812) 238-9202
https://www.magnolia-aacs.com/,Results,"2901 Ohio Blvd Ste 114-8, Terre Haute, IN 47803",Terre Haute,IN,(812) 545-8145
https://harristaxofin.com/,Results,"1400 E Pugh Dr #2, Terre Haute, IN 47802",Terre Haute,IN,(812) 235-8999
https://www.kempercpa.com/,Results,"420 S 25th St, Terre Haute, IN 47803",Terre Haute,IN,(812) 234-7714
https://westmom764.wixsite.com/west-bookkeeping-2,Results,,Brazil,IN,(812) 239-9221
