url,name,address,city,state,phone
http://www.rodgerscpasgroup.com/,Results,"111 W National Ave, Brazil, IN 47834",Brazil,IN,(812) 605-5015
http://rpcpagroup.com/,Results,"800 Poplar St, Terre Haute, IN 47807",Terre Haute,IN,(812) 233-8888
http://www.svihlacpas.com/,Results,"2901 Ohio Blvd, Terre Haute, IN 47803",Terre Haute,IN,(812) 238-9202
http://www.cgncpa.com/,Results,"1380 PA-286 Ste 511, Indiana, PA 15701",Indiana,PA,(724) 463-1450
https://www.kempercpa.com/,Results,"420 S 25th St, Terre Haute, IN 47803",Terre Haute,IN,(812) 234-7714
https://morantaxandaccounting.com/,Results,"128 N Franklin St, Brazil, IN 47834",Brazil,IN,(812) 442-9970
http://watler.com/,Results,"23 N Walnut St, Brazil, IN 47834",Brazil,IN,(812) 446-8361
http://mcculloughandcompany.com/,Results,"3131 Wabash Ave, Terre Haute, IN 47803",Terre Haute,IN,(812) 232-3300
https://www.miller-stewart.com/,Results,"354 E National Ave, Brazil, IN 47834",Brazil,IN,(812) 448-2551
https://www.magnolia-aacs.com/,Results,"2901 Ohio Blvd Ste 114-8, Terre Haute, IN 47803",Terre Haute,IN,(812) 545-8145
http://hayestax1040.com/,Results,"1605 E National Ave, Brazil, IN 47834",Brazil,IN,(812) 442-1040
https://www.facebook.com/IndianaTaxProfessionals/,Indiana Tax Professionals LLC,"255 Hoosier St, North Vernon, IN 47265",North Vernon,IN,(812) 352-0102
http://www.premieraccts.com/,Premier Accounting Services LLC,"651 Eastern Blvd, Clarksville, IN 47129",Clarksville,IN,(812) 258-4002
